
        <WLANProfile xmlns="http://www.microsoft.com/networking/WLAN/profile/v1">
            <name>HUAWEI-BT2U</name>
            <SSIDConfig>
                <SSID>
                    <name>HUAWEI-BT2U</name>
                </SSID>
            </SSIDConfig>
            <connectionType>ESS</connectionType>
            <connectionMode>auto</connectionMode>
            <MSM>
                <security>
                    <authEncryption>
                        <authentication>WPA2PSK</authentication>
                        <encryption>AES</encryption>
                        <useOneX>false</useOneX>
                    </authEncryption>
                    <sharedKey>
                        <keyType>passPhrase</keyType>
                        <protected>false</protected>
                        <keyMaterial>pk9gaDfs.</keyMaterial>
                    </sharedKey>
                </security>
            </MSM>
            <MacRandomization xmlns="http://www.microsoft.com/networking/WLAN/profile/v3">
                <enableRandomization>false</enableRandomization>
            </MacRandomization>
        </WLANProfile>
        